season,week,week_label,schedule_date,side,team,opponent,decimal_odds,ml,market_prob_nv,model_prob,edge,ev,game_id,stake,profit
2025,10,Week 10,2025-11-09 18:00:00+00:00,away,BAL,MIN,1.4273146735129894,-234.0,0.6653336139760051,0.7953737624475344,0.1300401484715293,0.1352486420686005,Week 10 | BAL_MIN,48.28,20.63
2025,10,Week 10,2025-11-09 18:00:00+00:00,away,BUF,MIA,1.2171256741921626,-461.0,0.8005639589013482,0.9150064736631596,0.1144425147618112,0.1136778711474661,Week 10 | BUF_MIA,48.28,-48.28
2025,10,Week 10,2025-11-09 18:00:00+00:00,home,NYJ,CLE,1.7938682322243966,-126.0,0.5362563237774031,0.6248684065270352,0.0886120827496321,0.1209315837895283,Week 10 | CLE_NYJ,27.15,21.55
2025,10,Week 10,2025-11-09 18:00:00+00:00,home,HOU,JAX,1.6675394834761996,-150.0,0.5847632120796156,0.6472721443919529,0.0625089323123373,0.0793518573278892,Week 10 | HOU_JAX,17.21,11.49
2025,10,Week 10,2025-11-09 18:00:00+00:00,home,TB,NE,1.7550399155095826,-132.0,0.5553281914056353,0.6259553017126719,0.0706271103070366,0.0985765398305829,Week 10 | NE_TB,18.91,-18.91
2025,10,Week 10,2025-11-09 21:25:00+00:00,away,DET,WAS,1.5540462760446645,-180.0,0.6189669771380186,0.7083626434390895,0.0893956663010708,0.1008283281256715,Week 10 | DET_WAS,32.73,18.13
2025,10,Week 10,2025-11-09 21:25:00+00:00,away,LA,SF,1.5977606579305903,-167.0,0.591047425817905,0.7037015806224944,0.1126541548045894,0.124346700442193,Week 10 | LA_SF,47.14,28.18
2025,11,Week 11,2025-11-16 14:30:00+00:00,away,WAS,MIA,1.8521107072966168,-117.0,0.5199275362318841,0.6170171865687888,0.0970896503369046,0.1427841378300879,Week 11 | MIA_WAS,33.84,-33.84
2025,11,Week 11,2025-11-16 18:00:00+00:00,away,GB,NYG,1.294110220314374,-340.0,0.7313237221494102,0.8778924951574021,0.1465687730079918,0.1360896503204811,Week 11 | GB_NYG,49.92,14.68
2025,11,Week 11,2025-11-16 18:00:00+00:00,away,HOU,TEN,1.266259928628986,-376.0,0.7693529191182364,0.8846585361646968,0.1153056170464603,0.1202076548649321,Week 11 | HOU_TEN,49.92,13.29
2025,11,Week 11,2025-11-16 21:05:00+00:00,away,SF,ARI,1.8219852891558133,-122.0,0.5240193918025562,0.618784609536161,0.0947652177336048,0.1274164557309093,Week 11 | ARI_SF,30.55,25.11
2025,11,Week 11,2025-11-16 21:25:00+00:00,away,BAL,CLE,1.2261884119002204,-442.0,0.7944951713770024,0.88693036157142,0.0924351901944176,0.0875437315213478,Week 11 | BAL_CLE,49.92,11.29
2025,11,Week 11,2025-11-16 21:25:00+00:00,away,KC,DEN,1.5751038136604458,-174.0,0.6034845298888556,0.6989976777692987,0.095513147880443,0.1009939079942177,Week 11 | DEN_KC,34.89,-34.89
2025,11,Week 11,2025-11-17 01:20:00+00:00,home,PHI,DET,1.8219852891558133,-122.0,0.5252329875153859,0.6053766060187815,0.0801436185033955,0.1029872705652945,Week 11 | DET_PHI,20.88,17.16
2025,11,Week 11,2025-11-18 01:15:00+00:00,away,DAL,LV,1.5220700152207,-192.0,0.6220302375809935,0.7319139611580252,0.1098837235770316,0.1140242940000383,Week 11 | DAL_LV,49.92,26.06
2025,12,Week 12,2025-11-21 01:15:00+00:00,away,BUF,HOU,1.6396043793304067,-156.0,0.5785180149558123,0.6705474658284709,0.0920294508726585,0.0994325615212671,Week 12 | BUF_HOU,30.91,-30.91
2025,12,Week 12,2025-11-23 18:00:00+00:00,home,CHI,PIT,1.761252446183953,-131.0,0.5360824742268041,0.6107287919654496,0.0746463177386455,0.0756475788041186,Week 12 | CHI_PIT,16.03,12.2
2025,12,Week 12,2025-11-23 18:00:00+00:00,away,NE,CIN,1.377850553137106,-265.0,0.6976998904709749,0.8370572761305621,0.1393573856595872,0.1533398309239342,Week 12 | CIN_NE,51.86,19.6
2025,12,Week 12,2025-11-23 21:05:00+00:00,home,ARI,JAX,1.8219852891558133,-122.0,0.5240193918025562,0.6125070101705447,0.0884876183679884,0.1159787620355424,Week 12 | ARI_JAX,26.98,-26.98
2025,12,Week 12,2025-11-23 21:05:00+00:00,home,LV,CLE,1.761252446183953,-131.0,0.5384615384615384,0.6266215225337687,0.0881599840722302,0.103638689394113,Week 12 | CLE_LV,25.93,-25.93
2025,12,Week 12,2025-11-23 21:25:00+00:00,away,ATL,NO,1.5679154976068657,-176.0,0.6240601503759399,0.6926602246786171,0.0686000743026772,0.0860327008494573,Week 12 | ATL_NO,23.57,13.39
2025,12,Week 12,2025-11-23 21:25:00+00:00,away,PHI,DAL,1.455777767171018,-219.0,0.653014789533561,0.7319139611580252,0.0788991716244642,0.065504072135925,Week 12 | DAL_PHI,24.5,-24.5
2025,13,Week 13,2025-11-27 21:30:00+00:00,away,KC,DAL,1.504534646381752,-198.0,0.6371479319969551,0.8013982980985959,0.1642503661016408,0.2057315050407087,Week 13 | DAL_KC,48.71,-48.71
2025,13,Week 13,2025-11-30 18:00:00+00:00,away,ATL,NYJ,1.7938682322243966,-126.0,0.5278969957081545,0.6045607994944527,0.0766638037862982,0.0845024126612818,Week 13 | ATL_NYJ,16.56,-16.56
2025,13,Week 13,2025-11-30 18:00:00+00:00,away,SF,CLE,1.2992845914471784,-334.0,0.7507764478138719,0.8603421243996623,0.1095656765857904,0.1178292656054127,Week 13 | CLE_SF,48.71,14.58
2025,13,Week 13,2025-11-30 18:00:00+00:00,away,JAX,TEN,1.294110220314374,-340.0,0.7537783528431158,0.8746461148861767,0.1208677620430609,0.1318884764324613,Week 13 | JAX_TEN,48.71,14.33
2025,13,Week 13,2025-11-30 21:25:00+00:00,away,BUF,PIT,1.455777767171018,-219.0,0.653014789533561,0.7953737624475344,0.1423589729139734,0.1578874399622833,Week 13 | BUF_PIT,48.71,22.2
2025,13,Week 13,2025-12-01 01:20:00+00:00,away,DEN,WAS,1.3158782643903095,-317.0,0.7307559544356231,0.8612391625367076,0.1304832081010845,0.1332858944237665,Week 13 | DEN_WAS,48.71,15.39
2025,14,Week 14,2025-12-07 18:00:00+00:00,away,SEA,ATL,1.20870265914585,-479.0,0.8083180475002275,0.8891630461859603,0.0808449986857328,0.0747337383391945,Week 14 | ATL_SEA,48.77,10.18
2025,14,Week 14,2025-12-07 18:00:00+00:00,home,CLE,TEN,1.5160964280338058,-194.0,0.6437594744820616,0.7061455834145808,0.0623861089325191,0.0705847966866938,Week 14 | CLE_TEN,20.01,-20.01
2025,14,Week 14,2025-12-07 18:00:00+00:00,away,IND,JAX,1.6097468594154407,-164.0,0.5933014354066986,0.6787627903349512,0.0854613549282526,0.092636270029749,Week 14 | IND_JAX,26.38,-26.38
2025,14,Week 14,2025-12-07 18:00:00+00:00,away,MIA,NYJ,1.6222062004325883,-161.0,0.5811170212765957,0.6672315703269069,0.0861145490503112,0.082387190508681,Week 14 | MIA_NYJ,23.17,14.42
2025,14,Week 14,2025-12-07 18:00:00+00:00,home,MIN,WAS,1.7550399155095826,-132.0,0.5508744038155804,0.6346767770097526,0.0838023731941721,0.1138830770990903,Week 14 | MIN_WAS,25.68,19.39
2025,14,Week 14,2025-12-07 21:05:00+00:00,away,DEN,LV,1.200853940579968,-498.0,0.813601171993693,0.9083797937242444,0.0947786217305515,0.0908314548369775,Week 14 | DEN_LV,48.77,9.8
2025,14,Week 14,2025-12-08 01:20:00+00:00,away,HOU,KC,3.0332681017612524,203.0,0.3163950143815915,0.3860724724311939,0.0696774580496024,0.171061315593641,Week 14 | HOU_KC,12.3,25.01
2025,14,Week 14,2025-12-09 01:15:00+00:00,away,PHI,LAC,1.6675394834761996,-150.0,0.5796421747437902,0.6688916142314705,0.0892494394876802,0.1154031768971076,Week 14 | LAC_PHI,31.35,-31.35
2025,15,Week 15,2025-12-14 18:00:00+00:00,away,BAL,CIN,1.6396043793304067,-156.0,0.5785180149558123,0.6820185416100581,0.1035005266542458,0.1182405876083885,Week 15 | BAL_CIN,38.92,24.89
2025,15,Week 15,2025-12-14 18:00:00+00:00,home,NE,BUF,1.876155765812672,-114.0,0.5167071337726905,0.6089476233667208,0.0922404895940303,0.1424805946573966,Week 15 | BUF_NE,30.51,-30.51
2025,15,Week 15,2025-12-14 18:00:00+00:00,away,WAS,NYG,1.7550399155095826,-132.0,0.5393395841826335,0.6754895651393943,0.1361499809567607,0.1855111493298472,Week 15 | NYG_WAS,48.82,36.86
2025,15,Week 15,2025-12-14 21:25:00+00:00,away,CAR,NO,1.6627208408030325,-151.0,0.5686288432862316,0.6622265941908309,0.0935977509045992,0.1010979594951068,Week 15 | CAR_NO,29.04,-29.04
2025,15,Week 15,2025-12-14 21:25:00+00:00,away,GB,DEN,1.8293201735727047,-121.0,0.5168539325842697,0.6099169204061526,0.0930629878218829,0.1157333267023126,Week 15 | DEN_GB,26.42,-26.42
2025,16,Week 16,2025-12-20 22:00:00+00:00,away,PHI,WAS,1.3477088948787062,-288.0,0.7086409898223908,0.8147918491707341,0.1061508593483433,0.0981022226020674,Week 16 | PHI_WAS,47.61,16.55
2025,16,Week 16,2025-12-21 18:00:00+00:00,home,DAL,LAC,1.761252446183953,-131.0,0.5555555555555556,0.6507035851854189,0.0951480296298633,0.1460532811484873,Week 16 | DAL_LAC,36.21,-36.21
2025,16,Week 16,2025-12-21 18:00:00+00:00,away,KC,TEN,1.4444133817910727,-225.0,0.6664873587950512,0.74041888467741,0.0739315258823588,0.069470945158872,Week 16 | KC_TEN,22.92,-22.92
2025,16,Week 16,2025-12-21 18:00:00+00:00,home,NO,NYJ,1.4444133817910727,-225.0,0.6547884187082404,0.7167001551769253,0.0619117364686848,0.0352112948692892,Week 16 | NO_NYJ,11.31,5.03
2025,16,Week 16,2025-12-21 21:05:00+00:00,home,DEN,JAX,1.6307893020221786,-159.0,0.5819397993311037,0.6767906781375495,0.0948508788064457,0.1037029976150512,Week 16 | DEN_JAX,30.93,-30.93
2025,16,Week 16,2025-12-22 01:20:00+00:00,home,BAL,NE,1.6675394834761996,-150.0,0.574393246570524,0.6702062657413814,0.0958130191708573,0.1175954101968957,Week 16 | BAL_NE,33.48,-33.48
2025,17,Week 17,2025-12-25 18:00:00+00:00,away,DAL,WAS,1.5540462760446645,-180.0,0.6261423428413182,0.7117927364361075,0.0856503935947893,0.1061588513741742,Week 17 | DAL_WAS,29.07,16.11
2025,17,Week 17,2025-12-25 21:30:00+00:00,away,DET,MIN,1.507378219706987,-197.0,0.6384166455214412,0.728966060104775,0.0905494145833338,0.0988275619075522,Week 17 | DET_MIN,31.24,-31.24
2025,17,Week 17,2025-12-26 01:15:00+00:00,away,DEN,KC,1.3895969346642767,-257.0,0.6772468584087696,0.8244311684593061,0.1471843100505364,0.1456270245327396,Week 17 | DEN_KC,42.51,16.56
2025,17,Week 17,2025-12-27 21:30:00+00:00,away,HOU,LAC,1.761252446183953,-131.0,0.5408163265306123,0.6045607994951061,0.0637444729644938,0.0647841869776819,Week 17 | HOU_LAC,10.85,8.26
2025,17,Week 17,2025-12-28 18:00:00+00:00,away,ARI,CIN,3.0332681017612524,203.0,0.3123585332729741,0.4003602533811382,0.0880017201081641,0.2143999857940591,Week 17 | ARI_CIN,16.43,-16.43
2025,17,Week 17,2025-12-28 18:00:00+00:00,away,SEA,CAR,1.20870265914585,-479.0,0.806112662398217,0.8876789163966463,0.0815662539984293,0.0729398667163331,Week 17 | CAR_SEA,42.51,8.87
2025,17,Week 17,2025-12-28 18:00:00+00:00,away,JAX,IND,1.3895969346642767,-257.0,0.6772468584087696,0.8297832897565407,0.152536431347771,0.1530643158813282,Week 17 | IND_JAX,42.51,16.56
2025,17,Week 17,2025-12-28 21:05:00+00:00,away,NYG,LV,1.5824696189992995,-172.0,0.597418561770129,0.6958382419663405,0.0984196801962115,0.1011428776496172,Week 17 | LV_NYG,30.27,17.63
2026,3,Week 3,2026-09-27 17:00:00+00:00,away,CAR,CLE,1.6675394834761996,-150.0,0.574393246570524,0.6638023819316502,0.0894091353611261,0.1069166810965749,Week 3 | CAR_CLE,29.83,
2026,3,Week 3,2026-09-27 17:00:00+00:00,away,CIN,PIT,1.731145566762005,-137.0,0.5474222746950019,0.6695674261013413,0.1221451514063394,0.1591186813435834,Week 3 | CIN_PIT,50.0,
2026,3,Week 3,2026-09-27 17:00:00+00:00,away,HOU,IND,1.7032688265564977,-142.0,0.5605012156349355,0.6695674261013413,0.1090662104664058,0.1404533241560861,Week 3 | HOU_IND,45.37,
2026,3,Week 3,2026-09-27 17:00:00+00:00,home,JAX,NE,1.719741445768843,-139.0,0.549059244285492,0.6476437679465588,0.0985845236610667,0.1137798298315959,Week 3 | JAX_NE,32.46,
2026,3,Week 3,2026-09-27 17:00:00+00:00,away,SEA,WAS,1.7938682322243966,-126.0,0.5385906040268456,0.6649593693873508,0.1263687653605052,0.1928494884639364,Week 3 | SEA_WAS,50.0,
2026,3,Week 3,2026-09-27 20:25:00+00:00,away,BAL,DAL,1.6097468594154407,-164.0,0.6011886143259305,0.7057298711482205,0.1045412568222899,0.1360464436765115,Week 3 | BAL_DAL,48.59,
2026,3,Week 3,2026-09-28 00:20:00+00:00,away,LA,DEN,1.719741445768843,-139.0,0.549059244285492,0.670714415496068,0.121655171210576,0.1534553786032124,Week 3 | DEN_LA,50.0,
2026,3,Week 3,2026-09-29 00:15:00+00:00,home,CHI,PHI,1.8521107072966168,-117.0,0.5137614678899084,0.5854923454198006,0.0717308775298921,0.0843966419922218,Week 3 | CHI_PHI,14.85,
2026,4,Week 4,2026-10-02 00:15:00+00:00,away,PIT,CLE,1.7086777462978648,-141.0,0.5684249354481741,0.6904216937553818,0.1219967583072076,0.1797081836811003,Week 4 | CLE_PIT,50.0,
2026,4,Week 4,2026-10-04 13:30:00+00:00,away,IND,WAS,1.455777767171018,-219.0,0.6609227348526959,0.7755902362000353,0.1146675013473393,0.1290870222949298,Week 4 | IND_WAS,50.0,
2026,4,Week 4,2026-10-04 17:00:00+00:00,home,NYG,ARI,1.6979394497525038,-143.0,0.5590433482810164,0.6500082961283523,0.0909649478473358,0.103674728662737,Week 4 | ARI_NYG,28.15,
2026,4,Week 4,2026-10-04 17:00:00+00:00,home,HOU,DAL,1.6486609656059834,-154.0,0.58344622053644,0.6574553875386445,0.0740091670022045,0.0839210340623177,Week 4 | DAL_HOU,19.94,
2026,4,Week 4,2026-10-04 17:00:00+00:00,away,GB,TB,1.8521107072966168,-117.0,0.5137614678899084,0.6087024012526427,0.0949409333627343,0.1273842349171812,Week 4 | GB_TB,29.56,
2026,4,Week 4,2026-10-04 17:00:00+00:00,away,LA,PHI,1.7032688265564977,-142.0,0.5670596904937362,0.6695674260954647,0.1025077356017285,0.1404533241460767,Week 4 | LA_PHI,42.65,
2026,4,Week 4,2026-10-04 20:25:00+00:00,away,KC,LV,1.386170906718852,-259.0,0.6828358208955223,0.8363759230975191,0.1535401022019967,0.1593599716779047,Week 4 | KC_LV,50.0,
2026,4,Week 4,2026-10-05 00:20:00+00:00,away,DET,CAR,1.687512408179472,-145.0,0.5714800144040331,0.7024868085600933,0.1310067941560602,0.1854552060275546,Week 4 | CAR_DET,50.0,
2026,5,Week 5,2026-10-11 17:00:00+00:00,home,GB,CHI,1.7032688265564977,-142.0,0.5560173814471945,0.6476437679526833,0.09162638650548882,0.10311144066739558,Week 5 | CHI_GB,27.98,
2026,5,Week 5,2026-10-11 17:00:00+00:00,home,NYJ,CLE,1.6979394497525038,-143.0,0.5590433482810164,0.6547152094486239,0.09567186116760751,0.11166678247579176,Week 5 | CLE_NYJ,31.88,
2026,5,Week 5,2026-10-11 17:00:00+00:00,away,HOU,TEN,1.3068204205466318,-326.0,0.7321128087770075,0.8497388637437142,0.11762605496670675,0.1104560992723777,Week 5 | HOU_TEN,50.0,
2026,5,Week 5,2026-10-11 17:00:00+00:00,home,PIT,IND,1.719741445768843,-139.0,0.549059244285492,0.6488269450183666,0.09976770073287455,0.1158145884796673,Week 5 | IND_PIT,33.44,
2026,5,Week 5,2026-10-11 17:00:00+00:00,away,MIN,NO,1.7550399155095826,-132.0,0.5508744038155804,0.6684184165756835,0.11754401276010307,0.17310100135203654,Week 5 | MIN_NO,50.0,
2026,5,Week 5,2026-10-11 20:05:00+00:00,away,DEN,LAC,1.7805011067979852,-128.0,0.5404487869504015,0.6672673970975105,0.12681861014710893,0.18807033906232817,Week 5 | DEN_LAC,50.0,
2026,5,Week 5,2026-10-11 20:25:00+00:00,away,DET,ARI,1.386170906718852,-259.0,0.679245283018868,0.8228310367925883,0.1435857537737203,0.14058444434719508,Week 5 | ARI_DET,50.0,
2026,5,Week 5,2026-10-12 00:20:00+00:00,away,BAL,ATL,1.3304424953188134,-303.0,0.7172986313663899,0.8391964931500122,0.12189786178362227,0.11650267640929979,Week 5 | ATL_BAL,50.0,
2025,6,Week 6,2025-10-10 00:15:00+00:00,away,PHI,NYG,1.2393998695368558,-418.0,0.7893710369315935,0.872995365543995,0.0836243286124015,0.0819903421615071,Week 6 | NYG_PHI,50.0,-50.0
2025,6,Week 6,2025-10-12 13:31:00+00:00,away,DEN,NYJ,1.242925900460147,-412.0,0.7871316864722132,0.888423138992105,0.1012914525198918,0.1042441300213924,Week 6 | DEN_NYJ,50.0,12.15
2025,6,Week 6,2025-10-12 17:00:00+00:00,home,JAX,SEA,1.8293201735727047,-121.0,0.5230171935662785,0.610728791964731,0.0877115983984524,0.1172184997227698,Week 6 | JAX_SEA,25.82,-25.82
2025,6,Week 6,2025-10-12 17:00:00+00:00,away,NE,NO,1.5376013419066257,-186.0,0.6321070234113711,0.7245062222011747,0.0923991987898035,0.1140017394762261,Week 6 | NE_NO,40.82,21.94
2025,6,Week 6,2025-10-12 17:01:00+00:00,away,LA,BAL,1.242925900460147,-412.0,0.7871316864722132,0.8891630461862406,0.1020313597140274,0.1051637798369203,Week 6 | BAL_LA,50.0,12.15
2025,6,Week 6,2025-10-12 17:01:00+00:00,away,DAL,CAR,1.5540462760446645,-180.0,0.6162046908315565,0.7304425533005374,0.1142378624689809,0.1351415298212565,Week 6 | CAR_DAL,50.0,-50.0
2025,6,Week 6,2025-10-12 17:01:00+00:00,away,LAC,MIA,1.4335775724753106,-231.0,0.6643580181140117,0.7916944034009203,0.1273363852869086,0.1349553409697806,Week 6 | LAC_MIA,50.0,21.68
2025,6,Week 6,2025-10-13 23:15:00+00:00,away,BUF,ATL,1.467710371819961,-214.0,0.6629213483146067,0.7977997266883905,0.1348783783737838,0.1709389334956808,Week 6 | ATL_BUF,50.0,-50.0
2025,7,Week 7,2025-10-17 00:15:00+00:00,away,PIT,CIN,1.36986301369863,-270.0,0.6989247311827957,0.7928162519075909,0.0938915207247951,0.0860496601473846,Week 7 | CIN_PIT,40.87,-40.87
2025,7,Week 7,2025-10-19 17:00:00+00:00,away,NO,CHI,3.0332681017612524,203.0,0.3136531365313653,0.393193517115425,0.0795403805840597,0.1926613532855358,Week 7 | CHI_NO,14.1,-14.1
2025,7,Week 7,2025-10-19 17:00:00+00:00,home,CLE,MIA,1.6396043793304067,-156.0,0.5908670977959615,0.6833057499738926,0.0924386521779311,0.1203511000788422,Week 7 | CLE_MIA,32.54,20.81
2025,7,Week 7,2025-10-19 17:00:00+00:00,away,NE,TEN,1.294110220314374,-340.0,0.7578465464339322,0.8746461148861767,0.1167995684522444,0.1318884764324613,Week 7 | NE_TEN,44.9,13.21
2025,7,Week 7,2025-10-19 20:05:00+00:00,home,LAC,IND,1.761252446183953,-131.0,0.5477386934673367,0.6524031270532089,0.1046644335858721,0.1490466034205244,Week 7 | IND_LAC,38.34,-38.34
2025,7,Week 7,2025-10-19 20:25:00+00:00,away,GB,ARI,1.3101595409466318,-322.0,0.7485630036029733,0.862131362214262,0.1135683586112886,0.1295296297543318,Week 7 | ARI_GB,44.9,13.93
2025,7,Week 7,2025-10-19 20:25:00+00:00,away,WAS,DAL,1.761252446183953,-131.0,0.55,0.6632447184710384,0.1132447184710383,0.1681413828257035,Week 7 | DAL_WAS,44.9,-44.9
2025,7,Week 7,2025-10-20 00:20:00+00:00,home,SF,ATL,1.731145566762005,-137.0,0.5542635658914729,0.6718587681276331,0.1175952022361602,0.1630853279343339,Week 7 | ATL_SF,44.9,32.83
2025,8,Week 8,2025-10-26 17:00:00+00:00,away,BUF,CAR,1.2502717982170035,-400.0,0.784735192242563,0.8778924951574021,0.093157302914839,0.0976042285616571,Week 8 | BUF_CAR,42.03,10.52
2025,8,Week 8,2025-10-26 17:00:00+00:00,home,HOU,SF,1.8521107072966168,-117.0,0.5199275362318841,0.6195895362129749,0.0996619999810907,0.1475484141489955,Week 8 | HOU_SF,30.22,25.75
2025,8,Week 8,2025-10-26 20:05:00+00:00,away,TB,NO,1.4444133817910727,-225.0,0.6664873587950512,0.7941526992476725,0.1276653404526213,0.1470847859788393,Week 8 | NO_TB,42.03,18.68
2025,8,Week 8,2025-10-27 00:20:00+00:00,away,GB,PIT,1.5714878728577355,-175.0,0.6135617936565805,0.6989976777692987,0.0854358841127181,0.0984663737701719,Week 8 | GB_PIT,25.78,14.73
2025,9,Week 9,2025-10-31 00:15:00+00:00,away,BAL,MIA,1.2261884119002204,-442.0,0.7943725921860515,0.8935128138455055,0.099140221659454,0.0956150582217177,Week 9 | BAL_MIA,45.52,10.3
2025,9,Week 9,2025-11-02 18:00:00+00:00,away,CHI,CIN,1.8521107072966168,-117.0,0.5211420310805928,0.620548892075313,0.0994068609947202,0.1493252474137399,Week 9 | CHI_CIN,33.04,28.15
2025,9,Week 9,2025-11-02 18:00:00+00:00,away,IND,PIT,1.6675394834761996,-150.0,0.5679188687330382,0.6787627903349512,0.110843921601913,0.1318637527980085,Week 9 | IND_PIT,41.53,-41.53
2025,9,Week 9,2025-11-02 18:00:00+00:00,away,SF,NYG,1.6138460365466236,-163.0,0.5844784714042666,0.6989976777692987,0.1145192063650321,0.1280746318232766,Week 9 | NYG_SF,45.31,27.81
2025,9,Week 9,2025-11-02 21:05:00+00:00,away,JAX,LV,1.6097468594154407,-164.0,0.5912806539509537,0.6974202944840112,0.1061396405330574,0.1226701287382288,Week 9 | JAX_LV,40.5,24.69
2025,9,Week 9,2025-11-02 21:25:00+00:00,away,KC,BUF,1.7675651789659743,-130.0,0.5327882529617887,0.6240678724375643,0.0912796194757756,0.1030806406320182,Week 9 | BUF_KC,23.25,-23.25
2025,9,Week 9,2025-11-03 01:20:00+00:00,away,SEA,WAS,1.6396043793304067,-156.0,0.5847843557460488,0.6989976777692987,0.1142133220232498,0.1460796536123265,Week 9 | SEA_WAS,45.52,29.11
