season,week,week_label,profit,stake,yield_%,bankroll,status_week,updated_at_utc
2025,6,Week 6,-107.9,366.64,-29.429413048221694,892.1,final,2026-10-09T11:27:15Z
2025,7,Week 7,-57.43,305.45,-18.801767883450648,834.6700000000001,final,2026-10-09T11:27:15Z
2025,8,Week 8,69.68,140.06,49.75010709695845,904.3500000000001,final,2026-10-09T11:27:15Z
2025,9,Week 9,55.28,274.67,20.125969345032217,959.6300000000001,final,2026-10-09T11:27:15Z
2025,10,Week 10,32.79,239.7,13.679599499374218,992.4200000000001,final,2026-10-09T11:27:15Z
2025,11,Week 11,38.85999999999999,319.84000000000003,12.149824912456223,1031.28,final,2026-10-09T11:27:15Z
2025,12,Week 12,-63.129999999999995,199.78,-31.599759735709277,968.15,final,2026-10-09T11:27:15Z
2025,13,Week 13,1.2300000000000004,260.11,0.472876859790089,969.38,final,2026-10-09T11:27:15Z
2025,14,Week 14,1.0600000000000023,236.43,0.44833565960326616,970.44,final,2026-10-09T11:27:15Z
2025,15,Week 15,-24.220000000000002,173.71,-13.942778193540962,946.22,final,2026-10-09T11:27:15Z
2025,16,Week 16,-101.96,182.46,-55.88074098432533,844.26,final,2026-10-09T11:27:15Z
2025,17,Week 17,36.31999999999999,245.39,14.800929133216512,880.5799999999999,final,2026-10-09T11:27:15Z
